1,google.com
2,youtube.com
3,tmall.com
4,baidu.com
5,qq.com
6,sohu.com
7,facebook.com
8,login.tmall.com
9,taobao.com
10,jd.com
11,yahoo.com
12,wikipedia.org
13,360.cn
14,amazon.com
15,zoom.us
16,sina.com.cn
17,pages.tmall.com
18,weibo.com
19,live.com
20,reddit.com
21,netflix.com
22,xinhuanet.com
23,microsoft.com
24,office.com
25,vk.com
26,okezone.com
27,csdn.net
28,blogspot.com
29,microsoftonline.com
30,yahoo.co.jp
31,panda.tv
32,alipay.com
33,tribunnews.com
34,google.com.hk
35,instagram.com
36,bongacams.com
37,stackoverflow.com
38,twitch.tv
39,naver.com
40,myshopify.com
41,bing.com
42,aliexpress.com
43,zhanqi.tv
44,livejasmin.com
45,china.com.cn
46,google.co.in
47,ebay.com
48,adobe.com
49,amazon.co.jp
50,apple.com
51,chaturbate.com
52,force.com
53,mail.ru
54,tianya.cn
55,aparat.com
56,sogou.com
57,twitter.com
58,salesforce.com
59,wordpress.com
60,dropbox.com
61,mama.cn
62,yandex.ru
63,msn.com
64,yy.com
65,ok.ru
66,linkedin.com
67,pornhub.com
68,whatsapp.com
69,huanqiu.com
70,google.com.br
71,slack.com
72,imgur.com
73,grid.id
74,trello.com
75,medium.com
76,amazonaws.com
77,17ok.com
78,google.co.jp
79,imdb.com
80,amazon.in
81,detail.tmall.com
82,gosuslugi.ru
83,google.cn
84,instructure.com
85,udemy.com
86,alibaba.com
87,worldometers.info
88,1688.com
89,babytree.com
90,sindonews.com
91,bilibili.com
92,ettoday.net
93,detik.com
94,padlet.com
95,rakuten.co.jp
96,jrj.com.cn
97,kompas.com
98,bbc.com
99,freepik.com
100,cnn.com
101,spotify.com
102,roblox.com
103,google.de
104,google.ru
105,xvideos.com
106,fandom.com
107,google.fr
108,amazon.de
109,amazon.co.uk
110,pixnet.net
111,indiatimes.com
112,google.it
113,soundcloud.com
114,paypal.com
115,github.com
116,nytimes.com
117,google.es
118,bbc.co.uk
119,quizlet.com
120,uol.com.br
121,globo.com
122,etsy.com
123,stackexchange.com
124,walmart.com
125,so.com
126,wetransfer.com
127,yao.tmall.com
128,gome.com.cn
129,indeed.com
130,zendesk.com
131,nih.gov
132,thestartmagazine.com
133,liputan6.com
134,atlassian.net
135,mercadolivre.com.br
136,canva.com
137,aliyun.com
138,cnblogs.com
139,slideshare.net
140,tumblr.com
141,google.com.mx
142,soso.com
143,primevideo.com
144,xhamster.com
145,digikala.com
146,youm7.com
147,google.com.tw
148,theguardian.com
149,grammarly.com
150,zhihu.com
151,telegram.org
152,tokopedia.com
153,onlinesbi.com
154,daum.net
155,tradingview.com
156,savefrom.net
157,google.com.sg
158,hao123.com
159,okta.com
160,google.co.uk
161,google.com.tr
162,cnet.com
163,bukalapak.com
164,zillow.com
165,vimeo.com
166,6.cn
167,pinterest.com
168,researchgate.net
169,archive.org
170,163.com
171,mediafire.com
172,speedtest.net
173,iqoption.com
174,3c.tmall.com
175,investing.com
176,office365.com
177,wix.com
178,rednet.cn
179,namnak.com
180,webex.com
181,adgroup.org
182,flipkart.com
183,ilovepdf.com
184,line.me
185,dostor.org
186,google.com.eg
187,amazon.ca
188,skype.com
189,forbes.com
190,avito.ru
191,manoramaonline.com
192,google.com.sa
193,craigslist.org
194,bestbuy.com
195,wikihow.com
196,espn.com
197,steamcommunity.com
198,google.ca
199,suara.com
200,smallpdf.com
201,blogger.com
202,healthline.com
203,usps.com
204,ebay.de
205,discord.com
206,eastday.com
207,google.com.ar
208,tistory.com
209,reverso.net
210,mozilla.org
211,duckduckgo.com
212,godaddy.com
213,w3schools.com
214,ups.com
215,ikea.com
216,tiktok.com
217,ltn.com.tw
218,jianshu.com
219,lazada.sg
220,coursera.org
221,businessinsider.com
222,collegeboard.org
223,nianhuo.tmall.com
224,chase.com
225,booking.com
226,momoshop.com.tw
227,telewebion.com
228,kumparan.com
229,patria.org.ve
230,itnuzleafan.com
231,chouftv.ma
232,nvzhuang.tmall.com
233,setn.com
234,taboola.com
235,dailymotion.com
236,iqiyi.com
237,gfycat.com
238,food.tmall.com
239,list.tmall.com
240,zerodha.com
241,patch.com
242,breitbart.com
243,amazon.it
244,cnbc.com
245,idntimes.com
246,homedepot.com
247,googlevideo.com
248,irs.gov
249,ladbible.com
250,google.co.th
251,y2mate.com
252,brilio.net
253,t.co
254,metropoles.com
255,google.pl
256,51sole.com
257,inquirer.net
258,deepl.com
259,hulu.com
260,fedex.com
261,sciencedirect.com
262,weebly.com
263,google.co.id
264,quora.com
265,xnxx.com
266,sberbank.ru
267,merdeka.com
268,ameblo.jp
269,scribd.com
270,washingtonpost.com
271,redd.it
272,hdfcbank.com
273,amazon.es
274,hotstar.com
275,gmw.cn
276,ask.com
277,messenger.com
278,thesaurus.com
279,behance.net
280,ndtv.com
281,moneycontrol.com
282,uchi.ru
283,kapanlagi.com
284,shaparak.ir
285,albawabhnews.com
286,trustpilot.com
287,foxnews.com
288,itpatratr.com
289,bbcollab.com
290,edmodo.com
291,uniqlo.tmall.com
292,cloudfront.net
293,tsetmc.com
294,ca.gov
295,beytoote.com
296,goodreads.com
297,get-express-vpn.com
298,amazon.fr
299,box.com
300,amazon.cn
301,subject.tmall.com
302,newstrend.news
303,asos.com
304,huaban.com
305,academia.edu
306,loom.com
307,mercadolibre.com.ar
308,shutterstock.com
309,aminoapps.com
310,target.com
311,fiaharam.net
312,blackboard.com
313,mercadolibre.com.mx
314,ebay-kleinanzeigen.de
315,icicibank.com
316,bet9ja.com
317,aliexpress.ru
318,softonic.com
319,abs-cbn.com
320,allegro.pl
321,op.gg
322,err.tmall.com
323,t.me
324,investopedia.com
325,hepsiburada.com
326,51.la
327,heavy.com
328,n11.com
329,cambridge.org
330,sahibinden.com
331,dailymail.co.uk
332,nicovideo.jp
333,pulzo.com
334,yts.mx
335,lee.tmall.com
336,trendyol.com
337,geeksforgeeks.org
338,fc2.com
339,alwafd.news
340,samsung.com
341,otvfoco.com.br
342,sdpnoticias.com
343,icloud.com
344,dnevnik.ru
345,dyson.tmall.com
346,who.int
347,hootsuite.com
348,gap.tmall.com
349,atlassian.com
350,caixa.gov.br
351,hespress.com
352,wikimedia.org
353,divar.ir
354,pinimg.com
355,gotowebinar.com
356,gamepedia.com
357,wixsite.com
358,mos.ru
359,mit.edu
360,ofgogoatan.com
361,marketwatch.com
362,cnnindonesia.com
363,wordreference.com
364,nikkei.com
365,gmanetwork.com
366,khanacademy.org
367,gstatic.com
368,disneyplus.com
369,canada.ca
370,kinopoisk.ru
371,dribbble.com
372,hp.com
373,thepiratebay.org
374,azure.com
375,google.gr
376,seesaw.me
377,ensonhaber.com
378,myhome.tmall.com
379,ebay.co.uk
380,bloomberg.com
381,biobiochile.cl
382,google.com.au
383,douban.com
384,nike.com
385,wildberries.ru
386,gotomeeting.com
387,arcgis.com
388,rambler.ru
389,surveymonkey.com
390,ebc.net.tw
391,teachable.com
392,spao.tmall.com
393,google.co.kr
394,hurriyet.com.tr
395,schoology.com
396,dcard.tw
397,weather.com
398,freelancer.com
399,wayfair.com
400,wowhead.com
401,mathrubhumi.com
402,qoo10.sg
403,dell.com
404,youdao.com
405,prnt.sc
406,yaklass.ru
407,gmx.net
408,agah.com
409,1337x.to
410,youth.cn
411,twimg.com
412,duolingo.com
413,crabsecret.tmall.com
414,akamaized.net
415,naukri.com
416,chess.com
417,spanishdict.com
418,fast.com
419,google.com.vn
420,springer.com
421,reuters.com
422,dbs.com.sg
423,filimo.com
424,quizizz.com
425,tahiamasr.com
426,google.com.ua
427,intoday.in
428,shopee.tw
429,miao.tmall.com
430,emofid.com
431,ria.ru
432,ouedkniss.com
433,bp.blogspot.com
434,dagospia.com
435,americanas.com.br
436,aimer.tmall.com
437,mofidonline.com
438,namu.wiki
439,realtor.com
440,genius.com
441,namasha.com
442,prothomalo.com
443,indiamart.com
444,gismeteo.ru
445,aol.com
446,google.ro
447,rt.com
448,ecosia.org
449,neiyi.tmall.com
450,tutorialspoint.com
451,elbalad.news
452,google.co.ve
453,irctc.co.in
454,borna.news
455,alodokter.com
456,9gag.com
457,uptodown.com
458,banvenez.com
459,sonhoo.com
460,chinaz.com
461,sourceforge.net
462,xfinity.com
463,sportbible.com
464,chegg.com
465,amazon.com.br
466,oracle.com
467,sabq.org
468,in.gr
469,resh.edu.ru
470,squarespace.com
471,doubleclick.net
472,onet.pl
473,zippyshare.com
474,qualtrics.com
475,17track.net
476,spankbang.com
477,104.com.tw
478,patreon.com
479,list-manage.com
480,glassdoor.com
481,steampowered.com
482,nta1vb6cdlrl.com
483,fiverr.com
484,varzesh3.com
485,webmd.com
486,asriran.com
487,au79nt5wic4x.com
488,orange.fr
489,wish.com
490,kompasiana.com
491,wattpad.com
492,td.com
493,istockphoto.com
494,dmm.co.jp
495,gds.it
496,youporn.com
497,deviantart.com
498,outbrain.com
499,issuu.com
500,google.com.co
501,zoho.com
502,eksisozluk.com
503,kakaku.com
504,prezi.com
505,livejournal.com
506,bbom2b434493.com
507,reclameaqui.com.br
508,ebay.com.au
509,files.wordpress.com
510,pixabay.com
511,britannica.com
512,cdc.gov
513,study.com
514,tandfonline.com
515,z3dmbpl6309s.com
516,udn.com
517,wpbeginner.com
518,58.com
519,rbc.ru
520,infobae.com
521,buzzfeed.com
522,fnacgbik9v14.com
523,jpnn.com
524,lun.com
525,vnexpress.net
526,sdamgia.ru
527,google.cl
528,shimo.im
529,libero.it
530,rediff.com
531,ih5.cn
532,ninisite.com
533,hamariweb.com
534,souq.com
535,kickstarter.com
536,ea.com
537,google.com.pk
538,81.cn
539,hindustantimes.com
540,google.com.pe
541,figma.com
542,ibicn.com
543,theverge.com
544,gsmarena.com
545,haofang.net
546,cnbcindonesia.com
547,airbnb.com
548,discordapp.com
549,olx.com.br
550,citi.com
551,elpais.com
552,wp.pl
553,docusign.net
554,emol.com
555,turkiye.gov.tr
556,potentingond.club
557,edx.org
558,pixiv.net
559,cnnic.cn
560,shopee.co.id
561,bet365.com
562,coupang.com
563,google.dz
564,mgid.com
565,usatoday.com
566,olx.pl
567,coursehero.com
568,dickies.tmall.com
569,lowes.com
570,11st.co.kr
571,leboncoin.fr
572,giphy.com
573,google.az
574,riotgames.com
575,jamnews.com
576,newegg.com
577,nhk.or.jp
578,indianexpress.com
579,web.de
580,alicdn.com
581,kundelik.kz
582,toutiao.com
583,pfrf.ru
584,folha.uol.com.br
585,efu.com.cn
586,dhl.com
587,banggood.com
588,iyiou.com
589,norton.com
590,bankofamerica.com
591,wellsfargo.com
592,chinadaily.com.cn
593,seznam.cz
594,bitly.com
595,techradar.com
596,lenta.ru
597,liansuo.com
598,intuit.com
599,merriam-webster.com
600,mileroticos.com
601,news18.com
602,dictionary.com
603,runoob.com
604,donya-e-eqtesad.com
605,msi.com
606,lifo.gr
607,nbcnews.com
608,eland.tmall.com
609,tejaratnews.com
610,ny.gov
611,crunchyroll.com
612,kissanime.ru
613,elsevier.com
614,mseav.com
615,hm.com
616,popads.net
617,bestlifeonline.com
618,remove.bg
619,bhphotovideo.com
620,milliyet.com.tr
621,dikaiologitika.gr
622,wondershare.com
623,consultant.ru
624,teamviewer.com
625,it.tmall.com
626,goo.ne.jp
627,theepochtimes.com
628,discoveryexpedition.tmall.com
629,ivi.ru
630,memurlar.net
631,kahoot.it
632,nicsorts-accarade.com
633,kinokrad.co
634,medicalnewstoday.com
635,focus.cn
636,mi.com
637,wowkeren.com
638,urfs.tmall.com
639,elwatannews.com
640,ceconline.com
641,trendingnow.video
642,constantcontact.com
643,shouji.tmall.com
644,360doc.com
645,elcomercio.com
646,watch.tmall.com
647,gamespot.com
648,imis.tmall.com
649,sports.tmall.com
650,google.co.za
651,mega.nz
652,ultimate-guitar.com
653,jw.org
654,forever21.tmall.com
655,npr.org
656,ign.com
657,dmm.com
658,nypost.com
659,wiley.com
660,royalbank.com
661,argaam.com
662,earthmusic.tmall.com
663,harvard.edu
664,shopee.vn
665,new3c.tmall.com
666,yixiin.com
667,lenovo.com
668,cdninstagram.com
669,livedoor.jp
670,peacebird.tmall.com
671,dai.tmall.com
672,cpic.com.cn
673,mheducation.com
674,ouo.io
675,symbolab.com
676,mawdoo3.com
677,abril.com.br
678,myworkday.com
679,evernote.com
680,gucn.tmall.com
681,epicgames.com
682,autodesk.com
683,wordpress.org
684,rutracker.org
685,playstation.com
686,marksandspencer.tmall.com
687,wiktionary.org
688,jeanswest.tmall.com
689,ytmp3.cc
690,asus.com
691,uzone.id
692,cyberleninka.ru
693,cookpad.com
694,editor.wix.com
695,eba.gov.tr
696,nanzhuang.tmall.com
697,chron.com
698,republika.co.id
699,sozcu.com.tr
700,ywart.com
701,google.at
702,cra-arc.gc.ca
703,skroutz.gr
704,biblegateway.com
705,dawn.com
706,nseindia.com
707,socialblade.com
708,librus.pl
709,sudannews365.org
710,marca.com
711,tableau.com
712,honeys.tmall.com
713,pngtree.com
714,jackjones.tmall.com
715,basichouse.tmall.com
716,septwolves.tmall.com
717,baby.tmall.com
718,fun48.com
719,online-convert.com
720,nanxie.tmall.com
721,threegun.tmall.com
722,noticias.uol.com.br
723,playvalorant.com
724,smartsheet.com
725,elmogaz.com
726,pchome.com.tw
727,shopify.com
728,entrepreneur.com
729,superuser.com
730,myway.com
731,mosreg.ru
732,cisco.com
733,nur.kz
734,gusuwang.com
735,interia.pl
736,redbubble.com
737,kknews.cc
738,spzs.com
739,bancodevenezuela.com
740,digitaltrends.com
741,onlinekhabar.com
742,unsplash.com
743,getpocket.com
744,wegotthiscovered.com
745,zol.com.cn
746,hubspot.com
747,shopee.com.my
748,thehindu.com
749,kaskus.co.id
750,tencent.com
751,xe.com
752,it168.com
753,tempo.co
754,farfetch.com
755,go.com
756,olx.ua
757,ibm.com
758,leagueoflegends.com
759,calvinklein.tmall.com
760,redtube.com
761,etrade.com
762,correios.com.br
763,bankmellat.ir
764,crhoy.com
765,tripadvisor.com
766,mfisp.com
767,ptt.cc
768,zara.com
769,europa.eu
770,intel.com
771,fairwhale.tmall.com
772,dafont.com
773,howtogeek.com
774,schwab.com
775,impress.co.jp
776,youku.com
777,timeanddate.com
778,triumph.tmall.com
779,urdupoint.com
780,oschina.net
781,india.com
782,as.com
783,gamer.com.tw
784,hollisterco.tmall.com
785,indiatoday.in
786,6sercher.biz
787,cnbeta.com
788,behavingsoping.club
789,v2ex.com
790,free.fr
791,macys.com
792,jit.si
793,mehrnews.com
794,filehorse.com
795,shein.com
796,sehatq.com
797,webinarjam.com
798,justdial.com
799,mbc.net
800,ebay.it
801,xabbs.com
802,westernjournal.com
803,w3school.com.cn
804,shahid4u.net
805,google.ch
806,dw.com
807,nalog.ru
808,thefreedictionary.com
809,dalfak.com
810,zhaopin.com
811,dcinside.com
812,aofex.com
813,gyazo.com
814,freecodecamp.org
815,yumpu.com
816,convertio.co
817,okaz.com.sa
818,fazenda.gov.br
819,powerbi.com
820,wp.com
821,apkpure.com
822,eenadu.net
823,livemint.com
824,google.be
825,pcbaby.com.cn
826,strava.com
827,ozon.ru
828,semir.tmall.com
829,anta.tmall.com
830,accuweather.com
831,scofield.tmall.com
832,pandora.com
833,banesconline.com
834,seekingalpha.com
835,legit.ng
836,ku.tmall.com
837,pixlr.com
838,znanija.com
839,discogs.com
840,endclothing.com
841,dream.co.id
842,gmarket.co.kr
843,gainreel.tmall.com
844,businesstoday.com.tw
845,mercadolibre.com
846,axisbank.co.in
847,mailchimp.com
848,esprit.tmall.com
849,rsalcau.com
850,shopee.co.th
851,tonlion.tmall.com
852,addthis.com
853,zhcw.com
854,book.tmall.com
855,humblebundle.com
856,storage.googleapis.com
857,rezka.ag
858,morningpost.com.cn
859,rahavard365.com
860,srvtrck.com
861,feedly.com
862,kompas.tv
863,t-online.de
864,att.com
865,alnaharegypt.com
866,medianetto.com
867,ampugi334f.com
868,yjc.ir
869,google.pt
870,dhl.de
871,winshang.com
872,etoro.com
873,iweihai.cn
874,bag.tmall.com
875,abc.net.au
876,gdz.ru
877,sahamyab.com
878,google.com.my
879,dianping.com
880,dailycaller.com
881,jia.tmall.com
882,chinayigui.com
883,paytm.com
884,nvxie.tmall.com
885,rokna.net
886,langsha.tmall.com
887,biosc.xyz
888,pcmag.com
889,viva.co.id
890,iherb.com
891,gongchang.com
892,plurk.com
893,nyaa.si
894,chinaweiyu.com
895,myanimelist.net
896,slickdeals.net
897,2m.ma
898,notjustok.com
899,vseigru.net
900,service-now.com
901,sci-hub.tw
902,yourdictionary.com
903,google.nl
904,y8.com
905,vidio.com
906,126.com
907,babyschool.com.cn
908,filmix.co
909,haberturk.com
910,intipseleb.com
911,creditchina.gov.cn
912,lachapelle.tmall.com
913,dailypost.ng
914,independent.co.uk
915,nownews.com
916,allrecipes.com
917,edunet.net
918,about.google
919,verizon.com
920,upwork.com
921,artstation.com
922,apache.org
923,listindiario.com
924,huffpost.com
925,vvvdj.com
926,topflownews.com
927,yeniakit.com.tr
928,kijiji.ca
929,emalls.ir
930,hi.ru
931,flickr.com
932,epfindia.gov.in
933,rarbg.to
934,csdiran.com
935,36kr.com
936,genpi.co
937,banma.com
938,semanticscholar.org
939,mellowads.com
940,file-up.org
941,fararu.com
942,mydramalist.com
943,chaoxing.com
944,live.net
945,newbalance.tmall.com
946,nike.tmall.com
947,onlyfans.com
948,jhu.edu
949,usnews.com
950,www.gov.cn
951,seasonvar.ru
952,mobafire.com
953,blog.jp
954,creditonebank.com
955,pikiran-rakyat.com
956,hk01.com
957,auth0.com
958,exoclick.com
959,storm.mg
960,baike.com
961,drift.com
962,code.org
963,cmoney.tw
964,blizzard.com
965,jooble.org
966,chinachugui.com
967,5ch.net
968,mufg.jp
969,9384.com
970,americanexpress.com
971,ytimg.com
972,soft98.ir
973,eee114.com
974,aizhan.com
975,narcity.com
976,turnitin.com
977,xn--jj0bb2kr6h965bxcbp8g.kr
978,19888.tv
979,taleo.net
980,chsi.com.cn
981,mynet.com
982,cabbeen.tmall.com
983,enimerotiko.gr
984,manyvids.com
985,creditkarma.com
986,123rf.com
987,disqus.com
988,classdojo.com
989,pirate-bay.net
990,ukr.net
991,mayoclinic.org
992,hawaaworld.com
993,segmentfault.com
994,huawei.com
995,bershka.tmall.com
996,news.com.au
997,maniform.tmall.com
998,zougla.gr
999,nasa.gov
1000,sf-express.com
1001,addtoany.com
1002,publinews.gt
1003,huim.com
1004,mercantilbanco.com
1005,time.ir
1006,drudgereport.com
1007,tagesschau.de
1008,umeng.com
1009,uniqlo.com
1010,adoptapet.com
1011,uber.com
1012,smm.cn
1013,mercadolibre.com.ve
1014,chinamenwang.com
1015,haoyer.com
1016,videouroki.net
1017,hatena.ne.jp
1018,business.site
1019,pantip.com
1020,nairaland.com
1021,joinhoney.com
1022,edh.tw
1023,discover.com
1024,kizlarsoruyor.com
1025,python.org
1026,chip.de
1027,abc.es
1028,cbc.ca
1029,themeforest.net
1030,newstracklive.com
1031,juntadeandalucia.es
1032,asana.com
1033,inquisitr.com
1034,aastocks.com
1035,to8to.com
1036,mobile01.com
1037,javatpoint.com
1038,douyu.com
1039,nation.co.ke
1040,avaz.ba
1041,zalo.me
1042,commbank.com.au
1043,creativemarket.com
1044,hh.ru
1045,52pojie.cn
1046,chinanetrank.com
1047,bild.de
1048,freepik.es
1049,google.ae
1050,impots.gouv.fr
1051,theatlantic.com
1052,cryptobrowser.site
1053,laroza.tv
1054,laodong.vn
1055,lining.tmall.com
1056,repubblica.it
1057,trontv.com
1058,chinafloor.cn
1059,lichess.org
1060,the31news.com
1061,capitalone.com
1062,saednews.com
1063,3dmgame.com
1064,discuss.com.hk
1065,motorsport.com
1066,rg.ru
1067,fidelity.com
1068,engadget.com
1069,kitco.com
1070,gridoto.com
1071,xianjichina.com
1072,epwk.com
1073,joins.com
1074,wt.tmall.com
1075,proiezionidiborsa.it
1076,sputniknews.com
1077,billdesk.com
1078,pexels.com
1079,users.wix.com
1080,yodobashi.com
1081,myworkdayjobs.com
1082,ted.com
1083,expireddomains.net
1084,topshop.tmall.com
1085,bmi.ir
1086,maybank2u.com.my
1087,azureedge.net
1088,gearbest.com
1089,tmz.com
1090,rottentomatoes.com
1091,funwarcab.club
1092,pelisplus.me
1093,home77.com
1094,samanese.ir
1095,eatthis.com
1096,ipo.hk
1097,chosun.com
1098,zingnews.vn
1099,elmundo.es
1100,hostgator.com.br
1101,ikco.ir
1102,neobux.com
1103,258.com
1104,auction.co.kr
1105,urbandictionary.com
1106,sabah.com.tr
1107,subscene.com
1108,amazon.com.mx
1109,popcash.net
1110,kq36.com
1111,neoldu.com
1112,aksam.com.tr
1113,realestate.com.au
1114,cdstm.cn
1115,informer.com
1116,yenisafak.com
1117,pornhubpremium.com
1118,jia400.com
1119,wordwall.net
1120,qiannaimei.tmall.com
1121,baskino.me
1122,google.cz
1123,businessweekly.com.tw
1124,cybozu.com
1125,adobelogin.com
1126,gamersky.com
1127,vice.com
1128,bitfun.co
1129,motor1.com
1130,adp.com
1131,vulcan.net.pl
1132,brainly.com.br
1133,getadblock.com
1134,newsmth.net
1135,gaadiwaadi.com
1136,magazineluiza.com.br
1137,cpanel.net
1138,wired.com
1139,uptobox.com
1140,ed.gov
1141,eghtesadonline.com
1142,people.com
1143,ionos.com
1144,thethao247.vn
1145,windowsazure.com
1146,elsalvador.com
1147,lemonde.fr
1148,gofundme.com
1149,ynet.co.il
1150,utorrent.com
1151,dhgate.com
1152,zaful.com
1153,secureserver.net
1154,jb51.net
1155,audible.com
1156,cointelegraph.com
1157,cnki.net
1158,blockoption.io
1159,narvar.com
1160,360.com
1161,screencast-o-matic.com
1162,studopedia.ru
1163,itau.com.br
1164,codecademy.com
1165,nature.com
1166,mercari.com
1167,donga.com
1168,hsbc.com.hk
1169,aftership.com
1170,caixabank.es
1171,mercadolibre.com.co
1172,un.org
1173,blogfa.com
1174,anjuke.com
1175,nvidia.com
1176,lentainform.com
1177,chaduo.com
1178,viu.com
1179,animeflv.net
1180,elyamnelaraby.com
1181,itmedia.co.jp
1182,sakshi.com
1183,microsoftstream.com
1184,drom.ru
1185,rapidgator.net
1186,kp.ru
1187,google.hu
1188,inc.com
1189,sbisec.co.jp
1190,usbank.com
1191,bb.com.br
1192,biggo.com.tw
1193,otto.de
1194,lotterypost.com
1195,laposte.fr
1196,doordash.com
1197,tgju.org
1198,lifewire.com
1199,lazada.co.th
1200,acesso.gov.br
1201,skrill.com
1202,www.gob.mx
1203,house365.com
1204,prom.ua
1205,tci.ir
1206,waveapps.com
1207,powerapp.download
1208,scotiabank.com
1209,nate.com
1210,verizonwireless.com
1211,thewhizmarketing.com
1212,diariolibre.com
1213,lucidchart.com
1214,ebay.fr
1215,alarab.com
1216,car.tmall.com
1217,spiegel.de
1218,vmware.com
1219,onelogin.com
1220,newtalk.tw
1221,gap.com
1222,weixinyunduan.com
1223,stanford.edu
1224,flightradar24.com
1225,4chan.org
1226,8628moa8i6qz.com
1227,airtel.in
1228,envato.com
1229,afip.gob.ar
1230,getintopc.com
1231,novinky.cz
1232,kr8gqjtnos3y.com
1233,sendinblue.com
1234,pole-emploi.fr
1235,ruliweb.com
1236,nationalgeographic.com
1237,ojooo.com
1238,managebac.com
1239,iliangcang.com
1240,covid19india.org
1241,fbdown.net
1242,zarinpal.com
1243,plex.tv
1244,alwakeelnews.com
1245,byjus.com
1246,jiameng.com
1247,teacherspayteachers.com
1248,futbin.com
1249,oneindia.com
1250,bastillepost.com
1251,pluralsight.com
1252,sdownload.net
1253,protonmail.com
1254,a8.net
1255,kinogo.by
1256,anydesk.com
1257,poki.com
1258,livedoor.com
1259,media.tumblr.com
1260,abcnews.go.com
1261,ft.com
1262,vectorstock.com
1263,minecraft.net
1264,xda-developers.com
1265,adbtc.top
1266,sbrf.ru
1267,multiurok.ru
1268,flaticon.com
1269,hltv.org
1270,99114.com
1271,xhamsterlive.com
1272,rbcroyalbank.com
1273,kissasian.sh
1274,laleggepertutti.it
1275,clever.com
1276,telegraph.co.uk
1277,bandcamp.com
1278,linguee.com
1279,nhentai.net
1280,dingtalk.com
1281,beeg.com
1282,las2orillas.co
1283,moe.gov.sa
1284,gjirafa.com
1285,politico.com
1286,vecteezy.com
1287,zmsjp6zffa9n.com
1288,hesport.com
1289,mathworks.com
1290,state.gov
1291,insider.com
1292,pikabu.ru
1293,world.tmall.com
1294,enamad.ir
1295,lafuma.tmall.com
1296,unity.com
1297,bolasport.com
1298,vklass.se
1299,indosport.com
1300,google.com.ph
1301,edupage.org
1302,lapatilla.com
1303,kolonsport.tmall.com
1304,brainly.in
1305,91jm.com
1306,mostaghelonline.com
1307,caf.fr
1308,jkforum.net
1309,www.gov.uk
1310,jawapos.com
1311,epochtimes.com
1312,kohls.com
1313,internetdownloadmanager.com
1314,hotjar.com
1315,wsj.com
1316,windows.net
1317,yournewtab.com
1318,znds.com
1319,jstor.org
1320,avg.com
1321,tsichuan.com
1322,zozo.jp
1323,provincial.com
1324,eastmoney.com
1325,gazeta.ru
1326,canadapost.ca
1327,lanacion.com.ar
1328,japanpost.jp
1329,blog.ir
1330,sketchup.com
1331,anses.gob.ar
1332,groupon.com
1333,financialexpress.com
1334,binance.com
1335,time.com
1336,greatandhra.com
1337,lazada.com.my
1338,lavanguardia.com
1339,piliapp.com
1340,bleacherreport.com
1341,trulia.com
1342,filehippo.com
1343,stocktwits.com
1344,google.co.il
1345,jetbrains.com
1346,gazetaexpress.com
1347,jumia.com.ng
1348,clarin.com
1349,telugu360.com
1350,manganelo.com
1351,boc.cn
1352,khaberni.com
1353,walmart.ca
1354,tiki.vn
1355,cofeed.com
1356,worldoftanks.eu
1357,kakao.com
1358,greenhouse.io
1359,costco.com
1360,resellerclub.com
1361,vox.com
1362,panet.co.il
1363,chinatimes.com
1364,towardsdatascience.com
1365,shomanews.com
1366,apartments.com
1367,myfitnesspal.com
1368,bluehost.com
1369,eljur.ru
1370,nga.cn
1371,office.net
1372,clips4sale.com
1373,index-education.net
1374,thomann.de
1375,tomsguide.com
1376,fb.ru
1377,rappler.com
1378,te.eg
1379,sap.com
1380,meaww.com
1381,tasnimnews.com
1382,aa.com.tr
1383,51cto.com
1384,credit-agricole.fr
1385,itslearning.com
1386,mhlw.go.jp
1387,alarabiya.net
1388,sarkariresult.com
1389,ccleaner.com
1390,immobilienscout24.de
1391,archdaily.com
1392,badoo.com
1393,welt.de
1394,finviz.com
1395,corriere.it
1396,accenture.com
1397,jusbrasil.com.br
1398,wowkorea.jp
1399,collinsdictionary.com
1400,fotor.com
1401,glosbe.com
1402,kalerkantho.com
1403,720pizle.org
1404,ck12.org
1405,tass.ru
1406,made-in-china.com
1407,bicentenariobu.com
1408,isna.ir
1409,ruten.com.tw
1410,webtoons.com
1411,gucci.com
1412,gtmetrix.com
1413,sfgate.com
1414,battle.net
1415,eluniverso.com
1416,dreamstime.com
1417,mobile.de
1418,chinajsq.cn
1419,forms.gle
1420,9r.cn
1421,learningapps.org
1422,calculator.net
1423,docin.com
1424,google.kz
1425,feedspot.com
1426,oup.com
1427,clubic.com
1428,yemek.com
1429,9978.cn
1430,gazzettadelsud.it
1431,bd-pratidin.com
1432,setare.com
1433,abplive.com
1434,streamable.com
1435,oxu.az
1436,techbang.com
1437,tap.az
1438,parsfootball.com
1439,andhrajyothy.com
1440,axisbank.com
1441,b-ok.cc
1442,crentgate.com
1443,sat.gob.mx
1444,punchng.com
1445,temp-mail.org
1446,viewlnk.com
1447,yandex.net
1448,mirconnect.ru
1449,hotmart.com
1450,avast.com
1451,smartschool.be
1452,zxxk.com
1453,yektanet.com
1454,vivo.sx
1455,4channel.org
1456,mailerlite.com
1457,ssl-images-amazon.com
1458,cloudflare.com
1459,fobshanghai.com
1460,naver.jp
1461,daraz.pk
1462,actionz.net
1463,jpmorganchase.com
1464,deezer.com
1465,opensooq.com
1466,spaggiari.eu
1467,ucoz.ru
1468,lefigaro.fr
1469,appledaily.com
1470,gumtree.com.au
1471,miro.com
1472,forgeofempires.com
1473,faradars.org
1474,udacity.com
1475,jdsports.co.uk
1476,zoomit.ir
1477,akwam.net
1478,haberler.com
1479,khtahmar.com
1480,insertlive.com
1481,livescience.com
1482,popdaily.com.tw
1483,zhibo8.cc
1484,mercadolivre.com
1485,qatarairways.com
1486,thoughtco.com
1487,mk.ru
1488,chuandong.com
1489,britishcouncil.org
1490,24h.com.vn
1491,thingiverse.com
1492,xbox.com
1493,motorplus-online.com
1494,nordstrom.com
1495,kontan.co.id
1496,matamata.com
1497,glassdoor.co.in
1498,xm.com
1499,eqxiu.com
1500,winbank.gr
1501,sporx.com
1502,mosaiquefm.net
1503,argentina.gob.ar
1504,worksmobile.com
1505,shutterfly.com
1506,zerohedge.com
1507,mangadex.org
1508,virgilio.it
1509,alfavita.gr
1510,szu.edu.cn
1511,vanguardngr.com
1512,hbr.org
1513,ieee.org
1514,noon.com
1515,chinadd.cn
1516,lg.com
1517,campograndenews.com.br
1518,cinecalidad.to
1519,jagranjosh.com
1520,tut.by
1521,hunter.io
1522,farsnews.ir
1523,turbo.az
1524,criteo.com
1525,popbela.com
1526,gongkong.com
1527,chatwork.com
1528,genial.ly
1529,virtual.edu.az
1530,interpark.com
1531,soloby.ru
1532,1111.com.tw
1533,dantri.com.vn
1534,rockstargames.com
1535,backlog.jp
1536,alaraby.co.uk
1537,inven.co.kr
1538,e-gov.az
1539,noaa.gov
1540,cdiscount.com
1541,robinhood.com
1542,google.co.ma
1543,kommersant.ru
1544,csod.com
1545,bancoestado.cl
1546,mxplayer.in
1547,almubasher.com.sa
1548,zcool.com.cn
1549,wiocha.pl
1550,worldoftanks.ru
1551,aruba.it
1552,wordhippo.com
1553,typingclub.com
1554,cnwnews.com
1555,1377x.to
1556,typeform.com
1557,haber7.com
1558,5acbd.com
1559,instructables.com
1560,opera.com
1561,4399.com
1562,brainly.com
1563,pastebin.com
1564,akhbarelyom.com
1565,gsis.gr
1566,cargurus.com
1567,jc35.com
1568,pagseguro.uol.com.br
1569,usaa.com
1570,picuki.com
1571,t-mobile.com
1572,warriorplus.com
1573,workable.com
1574,ato.gov.au
1575,express.co.uk
1576,firefoxchina.cn
1577,crazygames.com
1578,cfsbcn.com
1579,rozetka.com.ua
1580,ziprecruiter.com
1581,economia.uol.com.br
1582,sina.cn
1583,zee5.com
1584,rockcontent.com
1585,experian.com
1586,donanimhaber.com
1587,nbg.gr
1588,qafqazinfo.az
1589,nexusmods.com
1590,absher.sa
1591,antaranews.com
1592,searchmulty.com
1593,irna.ir
1594,mainichi.jp
1595,sheypoor.com
1596,desmos.com
1597,pinterest.es
1598,berkeley.edu
1599,boohoo.com
1600,google.sk
1601,inps.it
1602,yelp.com
1603,samplicio.us
1604,my.gov.au
1605,rapidtables.com
1606,kenh14.vn
1607,bisnis.com
1608,ig.com.br
1609,friv.com
1610,jeuxvideo.com
1611,forexfactory.com
1612,elcorteingles.es
1613,stockx.com
1614,infourok.ru
1615,comandotorrents.org
1616,overleaf.com
1617,postlnk.com
1618,bmo.com
1619,kabum.com.br
1620,fudan.edu.cn
1621,cibc.com
1622,depositphotos.com
1623,dlsite.com
1624,wa.gov
1625,imooc.com
1626,dataprev.gov.br
1627,thejakartapost.com
1628,samsclub.com
1629,privatbank.ua
1630,ebssw.kr
1631,9lianmeng.com
1632,swagbucks.com
1633,tim.it
1634,uploaded.net
1635,bama.ir
1636,searchmes.xyz
1637,successfactors.com
1638,cima4u.io
1639,klikbca.com
1640,chinabm.cn
1641,payu.in
1642,blibli.com
1643,pandadoc.com
1644,labanquepostale.fr
1645,emag.ro
1646,cengage.com
1647,custhelp.com
1648,fda.gov
1649,shopee.sg
1650,zhiding.cn
1651,lazada.com.ph
1652,timesnownews.com
1653,graphicriver.net
1654,exirbroker.com
1655,infomoney.com.br
1656,orf.at
1657,uspto.gov
1658,haberzamani.com
1659,hao245.com
1660,makeuseof.com
1661,note.com
1662,daftsex.com
1663,lumenlearning.com
1664,weather.gov
1665,nta.go.jp
1666,danawa.com
1667,japannetbank.co.jp
1668,ggpht.com
1669,tamin.ir
1670,dynamics.com
1671,startyourhome.business
1672,ghanaweb.com
1673,doc88.com
1674,xuite.net
1675,ubisoft.com
1676,gettyimages.com
1677,makeleio.gr
1678,jagodangdut.com
1679,vashurok.ru
1680,ellitoral.com
1681,calculatorsoup.com
1682,goodhousekeeping.com
1683,garant.ru
1684,bluestacks.com
1685,xiami.com
1686,telekom.com
1687,renren.com
1688,sonyentertainmentnetwork.com
1689,feebee.com.tw
1690,sch.gr
1691,lieyunwang.com
1692,ancestry.com
1693,codeproject.com
1694,autotrader.com
1695,brightside.me
1696,obsproject.com
1697,3sk.io
1698,aarth.net
1699,wto168.net
1700,jimdofree.com
1701,java.com
1702,kuaidi100.com
1703,youjizz.com
1704,kemdikbud.go.id
1705,over-blog.com
1706,boredpanda.com
1707,myna.go.jp
1708,duba.com
1709,leroymerlin.ru
1710,cutestat.com
1711,google.lk
1712,etnet.com.hk
1713,gismeteo.ua
1714,ubs.com
1715,le360.ma
1716,inep.gov.br
1717,drive2.ru
1718,focus.de
1719,arabi21.com
1720,mega-offer.xyz
1721,fosta-tv.com
1722,popmama.com
1723,scroll.in
1724,mixer.com
1725,apnews.com
1726,ameli.fr
1727,foodnetwork.com
1728,digiato.com
1729,meb.gov.tr
1730,lazada.vn
1731,biglobe.ne.jp
1732,tatar.ru
1733,fullhdfilmizlesene.com
1734,razer.com
1735,guru99.com
1736,ennaharonline.com
1737,rae.es
1738,pnc.com
1739,vrbo.com
1740,outlook.com
1741,pcpartpicker.com
1742,xgo.com.cn
1743,copts-united.com
1744,tirto.id
1745,ixl.com
1746,mxc.com
1747,dangdang.com
1748,ouest-france.fr
1749,weblio.jp
1750,bashgah.com
1751,myntra.com
1752,dangbei.com
1753,almaany.com
1754,vidstream.to
1755,o2.pl
1756,elespanol.com
1757,dpreview.com
1758,cda.pl
1759,hatenablog.com
1760,litres.ru
1761,express.pk
1762,sagepub.com
1763,dstv.com
1764,mediamarkt.de
1765,r7.com
1766,pochta.ru
1767,allbest.ru
1768,66cruises.com
1769,nordstromrack.com
1770,codal.ir
1771,okex.com
1772,unext.jp
1773,santander.com.br
1774,fmovies.to
1775,futurelearn.com
1776,minuto30.com
1777,takealot.com
1778,fc.lc
1779,u.gg
1780,wunderground.com
1781,jugantor.com
1782,ssense.com
1783,habr.com
1784,pcgamer.com
1785,gogoanime.io
1786,jio.com
1787,inss.gov.br
1788,ebay.ca
1789,feide.no
1790,e-taxes.gov.az
1791,howstuffworks.com
1792,astrologyanswers.com
1793,toppr.com
1794,getepic.com
1795,sephora.com
1796,alimama.com
1797,royalmail.com
1798,mercadopago.com.ar
1799,zamzar.com
1800,nexon.com
1801,2gis.ru
1802,state.tx.us
1803,gayboystube.com
1804,nintendo.com
1805,thehill.com
1806,google.bg
1807,autohome.com.cn
1808,thinkific.com
1809,hoodsite.com
1810,fbsbx.com
1811,liveinternet.ru
1812,peopleperhour.com
1813,farfeshplus.com
1814,cosmopolitan.com
1815,idnes.cz
1816,sapo.pt
1817,google.com.ly
1818,saude.gov.br
1819,kino-teatr.ru
1820,streamyard.com
1821,thebalancecareers.com
1822,elbilad.net
1823,vlive.tv
1824,hsoub.com
1825,enstage-sas.com
1826,coinmarketcap.com
1827,1tv.ru
1828,xmtrading.com
1829,redfin.com
1830,business-standard.com
1831,pbs.org
1832,streamlabs.com
1833,alanba.com.kw
1834,history.com
1835,anchor.fm
1836,purdue.edu
1837,rotumal.com
1838,mercadolibre.cl
1839,gaana.com
1840,tampermonkey.net
1841,macrumors.com
1842,nsw.gov.au
1843,finn.no
1844,limetorrents.info
1845,curseforge.com
1846,bunshun.jp
1847,dramacool.movie
1848,eyny.com
1849,hooify.com
1850,olx.com.pk
1851,psychologytoday.com
1852,theconversation.com
1853,c-sharpcorner.com
1854,leetcode.com
1855,17173.com
1856,cleanpng.com
1857,elconfidencial.com
1858,ifeng.com
1859,olx.ro
1860,123movies.la
1861,saat24.news
1862,chetor.com
1863,polygon.com
1864,one.com
1865,akurat.co
1866,myfreecams.com
1867,soumu.go.jp
1868,echo.msk.ru
1869,ig.com
1870,ksu.edu.sa
1871,clear.com.br
1872,excite.co.jp
1873,photopea.com
1874,narod.ru
1875,tabnak.ir
1876,kotak.com
1877,hankyung.com
1878,ecoledirecte.com
1879,jumia.ma
1880,submarino.com.br
1881,contehos.com
1882,gazeta.pl
1883,tabelog.com
1884,arcot.com
1885,getcourse.ru
1886,viki.com
1887,tube8.com
1888,www.gob.pe
1889,abv.bg
1890,bitrix24.ru
1891,mcafee.com
1892,cyol.com
1893,google.se
1894,nerdwallet.com
1895,fastcompany.com
1896,seek.com.au
1897,taroot-rangi.com
1898,ctvnews.ca
1899,ibb.co
1900,nessma.tv
1901,sworld.co.uk
1902,championat.com
1903,domestika.org
1904,successfactors.eu
1905,iz.ru
1906,unam.mx
1907,telugustop.com
1908,setareparsi.com
1909,bittorrent.com
1910,cna.com.tw
1911,google.com.bd
1912,amazon.jobs
1913,alsolta.net
1914,bhaskar.com
1915,youla.ru
1916,academic.ru
1917,linguee.fr
1918,jnu.edu.cn
1919,scielo.br
1920,lamabang.com
1921,uidai.gov.in
1922,education.com
1923,archiveofourown.org
1924,garmin.com
1925,icicidirect.com
1926,tv9marathi.com
1927,cnzz.com
1928,latimes.com
1929,laprensagrafica.com
1930,mangakakalot.com
1931,quillbot.com
1932,altervista.org
1933,meituan.com
1934,brainly.co.id
1935,realtor.ca
1936,eshkol.io
1937,sparknotes.com
1938,amazon.com.au
1939,tomshardware.com
1940,olymptrade.com
1941,docker.com
1942,fmkorea.com
1943,iefimerida.gr
1944,geogebra.org
1945,att.net
1946,chinagate.cn
1947,xtx6.com
1948,willhaben.at
1949,ultimatix.net
1950,rtve.es
1951,58pic.com
1952,google.fi
1953,calameo.com
1954,mckinsey.com
1955,deloitte.com
1956,flvto.biz
1957,dailythanthi.com
1958,bihar.gov.in
1959,bayt.com
1960,mobalytics.gg
1961,jzjncy.com
1962,wikiwand.com
1963,caliente.mx
1964,tarafdari.com
1965,hibapress.com
1966,sii.cl
1967,bollywoodshaadis.com
1968,tver.jp
1969,cuevana3.io
1970,hasil.gov.my
1971,hipwee.com
1972,myus.com
1973,barnesandnoble.com
1974,koreastardaily.com
1975,walgreens.com
1976,express.dhl
1977,dytt8.net
1978,tinder.com
1979,yoox.com
1980,telegra.ph
1981,okcupid.com
1982,ecollege.com
1983,eghtesadnews.com
1984,google.rs
1985,ccm.net
1986,indozone.id
1987,mon-ent-occitanie.fr
1988,expedia.com
1989,overstock.com
1990,defimedia.info
1991,yr.no
1992,theqoo.net
1993,falabella.com
1994,7po.com
1995,lowtyroguer.com
1996,chinaswitch.com
1997,fanlibang.com
1998,mvideo.ru
1999,raiplay.it
2000,naijaloaded.com.ng
